{ "_id" : 100987, "name" :"Life is What You Make It" , "dop" : "2000-09-09", "author" : "Preety Shenoy", "isAvailable" : false, "fileForm" : "pdf", "language" : "English" }
{ "_id" : 208736, "name" : "It Started with A Friend Request", "dop" : "2012-07-23", "author" : "Sudeep Nagarkar", "isAvailable" : true, "fileForm" : "pdf", "language" : "English" }
{ "_id" : 423457, "name" : "The One You Cannot Have" , "dop" : "2000-09-09", "author" : "Preety Shenoy", "isAvailable" : false, "fileForm" : "pdf", "language" : "English" }
{ "_id" : 987578, "name" : "I Too Had A Love Story", "dop" : "2010-06-03", "author" : "Ravinder Singh", "isAvailable" : true, "fileForm" : "pdf", "language" : "English" }
{ "_id" : 897278, "name" : "Can Love Happen Twice", "dop" : "2000-05-02", "author" : "Ravinder Singh", "isAvailable" : false, "fileForm" : "pdf", "language" : "English" }
{ "_id" : 197290, "name" : "Three Mistakes Of My Life", "dop" : "2006-05-09", "author" : "Chethan Bagath", "isAvailable" : false, "fileForm" : "pdf", "language" : "English" }
{ "_id" : 827908, "name" : "Wings Of Fire", "dop" : "2000-12-01", "author" : "A.P.J.Abdul Kalam", "isAvailable" : true, "fileForm" : "pdf", "language" : "English" }
{ "_id" : 178290, "name" : "The Girl Of By Dreams", "dop" : "2013-11-02", "author" : "Durjoy Datta", "isAvailable" : false, "fileForm" : "pdf", "language" : "English" }
{ "_id" : 298739, "name" : "House of Cards" , "dop" : "2010-01-02", "author" : "Sudha Murthy", "isAvailable" : true, "fileForm" : "pdf", "language" : "English" }